F_MAMH,NAMHOC,F_MAKH,F_MANG,F_TENMHVN,F_DVHT,TEN_KHKTVN,KHOI,COMPULSARY,avg_TKET,std_TKET,range_TKET,PASS_RATE,LEVEL
AS1003,2016,MT,KHKH,Cơ lý thuyết,3,Tự chọn nhóm A,TC_A,0,3.6166666666666667,2.6803349421851834,10.0,50.0,3
AS2001,2016,MT,KHKH,Cơ học ứng dụng,3,Tự chọn nhóm A,TC_A,0,4.28125,2.8225403222926224,9.5,56.25,3
CH1003,2020,MT,KHM,Hóa đại cương,3,Toán và KH Tự nhiên,DC,5,5.949447077409163,1.5952770018966018,10.0,93.04897314375987,2
CH1003,2016,MT,KHKH,Hóa đại cương,3,Toán & KH Tự nhiên,DC,1,5.949447077409163,1.5952770018966018,10.0,93.04897314375987,2
CO1005,2020,MT,KHM,Nhập môn điện toán,3,Nhập môn,NM,1,7.225037257824143,1.9122618373095979,9.5,94.63487332339791,1
CO1005,2016,MT,KHKH,Nhập môn điện toán,3,Cơ sở ngành,CSN,1,7.225037257824143,1.9122618373095979,9.5,94.63487332339791,1
CO1007,2020,MT,KHM,Cấu trúc rời rạc cho khoa học máy tính,4,Toán và KH Tự nhiên,DC,2,6.677235772357723,1.678413096498224,9.5,94.3089430894309,1
CO1007,2016,MT,KHKH,Cấu trúc rời rạc cho khoa học máy tính,4,Cơ sở ngành,CSN,1,6.677235772357723,1.678413096498224,9.5,94.3089430894309,1
CO1009,2016,MT,KHKH,Hệ thống số,4,Cơ sở ngành,CSN,2,5.532640949554896,2.5343939899217034,10.0,80.56379821958457,2
CO1011,2016,MT,KHKH,Kỹ thuật lập trình,4,Cơ sở ngành,CSN,2,5.916051660516605,2.76462013533599,10.0,77.49077490774908,2
CO1023,2020,MT,KHM,Hệ thống số,3,Cơ sở ngành,CSN,1,5.916666666666667,2.2832616644578514,9.0,78.43137254901961,2
CO1027,2020,MT,KHM,Kỹ thuật lập trình,3,Cơ sở ngành,CSN,2,5.549019607843137,2.658360437832595,10.0,70.58823529411765,2
CO2001,2020,MT,KHM,Kỹ năng chuyên nghiệp cho kỹ sư,3,Con người và môi trường,DC,6,7.988038277511961,1.5705762394013565,10.0,96.65071770334929,1
CO2001,2016,MT,KHKH,Kỹ năng chuyên nghiệp cho kỹ sư,3,Cơ sở ngành,CSN,4,7.988038277511961,1.5705762394013565,10.0,96.65071770334929,1
CO2003,2020,MT,KHM,Cấu trúc dữ liệu và giải thuật,4,Cơ sở ngành,CSN,3,5.69267955801105,2.8727679294174995,10.0,74.30939226519338,2
CO2003,2016,MT,KHKH,Cấu trúc dữ liệu và giải thuật,4,Cơ sở ngành,CSN,3,5.69267955801105,2.8727679294174995,10.0,74.30939226519338,2
CO2005,2016,MT,KHKH,Lập trình hướng đối tượng,4,Cơ sở ngành,CSN,3,7.153516295025729,1.9054138331588555,10.0,94.16809605488851,1
CO2007,2020,MT,KHM,Kiến trúc máy tính,4,Cơ sở ngành,CSN,3,6.264216366158114,2.142304309177542,10.0,87.79472954230236,2
CO2007,2016,MT,KHKH,Kiến trúc máy tính,4,Cơ sở ngành,CSN,3,6.264216366158114,2.142304309177542,10.0,87.79472954230236,2
CO2011,2020,MT,KHM,Mô hình hóa toán học,3,Toán và KH Tự nhiên,DC,3,6.673155737704918,2.0664615970697677,10.0,91.59836065573771,2
CO2011,2016,MT,KHKH,Mô hình hóa toán học,3,Chuyên ngành,CN,4,6.673155737704918,2.0664615970697677,10.0,91.59836065573771,2
CO2013,2020,MT,KHM,Hệ cơ sở dữ liệu,4,Cơ sở ngành,CSN,5,6.394977168949771,1.9596437294539804,10.0,88.35616438356165,1
CO2013,2016,MT,KHKH,Hệ cơ sở dữ liệu,4,Chuyên ngành,CN,4,6.394977168949771,1.9596437294539804,10.0,88.35616438356165,1
CO2017,2020,MT,KHM,Hệ điều hành,3,Chuyên ngành,CN,4,6.253623188405797,2.2430996815500412,9.5,85.71428571428571,2
CO2017,2016,MT,KHKH,Hệ điều hành,3,Cơ sở ngành,CSN,4,6.253623188405797,2.2430996815500412,9.5,85.71428571428571,2
CO2039,2020,MT,KHM,Lập trình nâng cao,3,Cơ sở ngành,CSN,4,5.588235294117647,2.6367657250205188,10.0,68.62745098039215,2
CO3001,2020,MT,KHM,Công nghệ phần mềm,3,Chuyên ngành,CN,5,5.538461538461538,2.5075278931072855,9.5,78.90818858560795,2
CO3001,2016,MT,KHKH,Công nghệ phần mềm,3,Cơ sở ngành,CSN,5,5.538461538461538,2.5075278931072855,9.5,78.90818858560795,2
CO3003,2016,MT,KHKH,Mạng máy tính,4,Cơ sở ngành,CSN,5,5.854046242774566,2.4799949364488487,9.5,83.8150289017341,2
CO3005,2020,MT,KHM,Nguyên lý ngôn ngữ lập trình,4,Chuyên ngành,CN,6,4.039808917197452,2.9219082064987214,10.0,48.089171974522294,3
CO3005,2016,MT,KHKH,Nguyên lý ngôn ngữ lập trình,4,Chuyên ngành,CN,5,4.039808917197452,2.9219082064987214,10.0,48.089171974522294,3
CO3011,2020,MT,KHPM,Quản lý dự án phần mềm,3,Tự chọn chuyên ngành,TC_C,0,5.700980392156863,2.410024242844224,9.0,77.45098039215686,2
CO3011,2020,MT,KHKH,Quản lý dự án phần mềm,3,Tự chọn chuyên ngành,TC_C,0,5.700980392156863,2.410024242844224,9.0,77.45098039215686,2
CO3011,2016,MT,KHKH,Quản lý dự án phần mềm,3,Tự chọn chuyên ngành,TC_D,0,5.700980392156863,2.410024242844224,9.0,77.45098039215686,2
CO3013,2020,MT,KHPM,Xây dựng chương trình dịch,3,Tự chọn chuyên ngành,TC_C,0,5.700980392156863,2.4100242428442242,9.0,77.45098039215686,2
CO3013,2020,MT,KHKH,Xây dựng chương trình dịch,3,Tự chọn chuyên ngành,TC_C,0,5.700980392156863,2.4100242428442242,9.0,77.45098039215686,2
CO3013,2016,MT,KHKH,Xây dựng chương trình dịch,3,Tự chọn chuyên ngành,TC_D,0,5.700980392156863,2.4100242428442242,9.0,77.45098039215686,2
CO3015,2020,MT,KHPM,Kiểm tra phần mềm,3,Tự chọn chuyên ngành,TC_C,0,5.700980392156863,2.410024242844224,9.0,77.45098039215686,2
CO3015,2020,MT,KHKH,Kiểm tra phần mềm,3,Tự chọn chuyên ngành,TC_C,0,5.700980392156863,2.410024242844224,9.0,77.45098039215686,2
CO3015,2016,MT,KHKH,Kiểm tra phần mềm,3,Tự chọn chuyên ngành,TC_D,0,5.700980392156863,2.410024242844224,9.0,77.45098039215686,2
CO3017,2020,MT,KHPM,Kiến trúc phần mềm,3,Tự chọn chuyên ngành,TC_C,0,5.700980392156863,2.410024242844224,9.0,77.45098039215686,2
CO3017,2020,MT,KHKH,Kiến trúc phần mềm,3,Tự chọn chuyên ngành,TC_C,0,5.700980392156863,2.410024242844224,9.0,77.45098039215686,2
CO3017,2016,MT,KHKH,Kiến trúc phần mềm,3,Tự chọn chuyên ngành,TC_D,0,5.700980392156863,2.410024242844224,9.0,77.45098039215686,2
CO3021,2020,MT,KHDL,Hệ quản trị cơ sở dữ liệu,3,Tự chọn chuyên ngành,TC_C,0,5.803921568627451,2.331613199610839,9.0,77.45098039215686,2
CO3021,2020,MT,KHKH,Hệ quản trị cơ sở dữ liệu,3,Tự chọn chuyên ngành,TC_C,0,5.803921568627451,2.331613199610839,9.0,77.45098039215686,2
CO3021,2016,MT,KHKH,Hệ quản trị cơ sở dữ liệu,3,Tự chọn chuyên ngành,TC_D,0,5.803921568627451,2.331613199610839,9.0,77.45098039215686,2
CO3023,2020,MT,KHDL,Cơ sở dữ liệu phân tán và hướng đối tượng,3,Tự chọn chuyên ngành,TC_C,0,5.877450980392157,2.2254560935471095,9.0,79.41176470588235,2
CO3023,2020,MT,KHKH,Cơ sở dữ liệu phân tán và hướng đối tượng,3,Tự chọn chuyên ngành,TC_C,0,5.877450980392157,2.2254560935471095,9.0,79.41176470588235,2
CO3023,2016,MT,KHKH,Cơ sở dữ liệu phân tán và hướng đối tượng,3,Tự chọn chuyên ngành,TC_D,0,5.877450980392157,2.2254560935471095,9.0,79.41176470588235,2
CO3025,2016,MT,KHKH,Phân tích và thiết kế hệ thống,4,Tự chọn chuyên ngành,TC_D,0,5.887254901960785,2.315367155138585,9.0,79.41176470588235,2
CO3027,2020,MT,KHDL,Thương mại điện tử,3,Tự chọn chuyên ngành,TC_C,0,5.887254901960785,2.251409748396269,9.0,79.41176470588235,2
CO3027,2020,MT,KHKH,Thương mại điện tử,3,Tự chọn chuyên ngành,TC_C,0,5.887254901960785,2.251409748396269,9.0,79.41176470588235,2
CO3027,2016,MT,KHKH,Thương mại điện tử,3,Tự chọn chuyên ngành,TC_D,0,5.887254901960785,2.251409748396269,9.0,79.41176470588235,2
CO3029,2020,MT,KHDL,Khai phá dữ liệu,3,Tự chọn chuyên ngành,TC_C,0,5.965686274509804,2.1643600612789107,9.0,80.3921568627451,2
CO3029,2020,MT,KHKH,Khai phá dữ liệu,3,Tự chọn chuyên ngành,TC_C,0,5.965686274509804,2.1643600612789107,9.0,80.3921568627451,2
CO3029,2020,MT,KHAI,Khai phá dữ liệu,3,Tự chọn chuyên ngành,TC_C,0,5.965686274509804,2.1643600612789107,9.0,80.3921568627451,2
CO3029,2016,MT,KHKH,Khai phá dữ liệu,3,Tự chọn chuyên ngành,TC_D,0,5.965686274509804,2.1643600612789107,9.0,80.3921568627451,2
CO3031,2020,MT,KHKH,Phân tích và thiết kế giải thuật,3,Tự chọn chuyên ngành,TC_C,0,6.175675675675675,2.7453976836367495,10.0,79.72972972972973,2
CO3031,2016,MT,KHKH,Phân tích và thiết kế giải thuật,3,Chuyên ngành,CN,6,6.175675675675675,2.7453976836367495,10.0,79.72972972972973,2
CO3033,2020,MT,KHDL,Bảo mật hệ thống thông tin,3,Tự chọn chuyên ngành,TC_C,0,5.916666666666667,2.1846486603060224,9.0,79.41176470588235,2
CO3033,2020,MT,KHKH,Bảo mật hệ thống thông tin,3,Tự chọn chuyên ngành,TC_C,0,5.916666666666667,2.1846486603060224,9.0,79.41176470588235,2
CO3033,2016,MT,KHKH,Bảo mật hệ thống thông tin,3,Tự chọn chuyên ngành,TC_D,0,5.916666666666667,2.1846486603060224,9.0,79.41176470588235,2
CO3035,2020,MT,KHKH,Hệ thời gian thực,3,Tự chọn chuyên ngành,TC_C,0,5.867647058823529,2.23819949582473,9.0,79.41176470588235,2
CO3035,2020,MT,KHAI,Hệ thời gian thực,3,Tự chọn chuyên ngành,TC_C,0,5.867647058823529,2.23819949582473,9.0,79.41176470588235,2
CO3035,2016,MT,KHKH,Hệ thời gian thực,3,Tự chọn chuyên ngành,TC_D,0,5.867647058823529,2.23819949582473,9.0,79.41176470588235,2
CO3037,2020,MT,KHKH,Phát triển ứng dụng internet of things,3,Tự chọn chuyên ngành,TC_C,0,5.759803921568627,2.4176848349552484,9.0,77.45098039215686,2
CO3037,2020,MT,KHAI,Phát triển ứng dụng internet of things,3,Tự chọn chuyên ngành,TC_C,0,5.759803921568627,2.4176848349552484,9.0,77.45098039215686,2
CO3037,2016,MT,KHKH,Phát triển ứng dụng internet of things,3,Tự chọn chuyên ngành,TC_D,0,5.759803921568627,2.4176848349552484,9.0,77.45098039215686,2
CO3041,2020,MT,KHKH,Hệ thống thông minh,3,Tự chọn chuyên ngành,TC_C,0,5.779411764705882,2.3256783630960434,9.0,77.45098039215686,2
CO3041,2020,MT,KHAI,Hệ thống thông minh,3,Tự chọn chuyên ngành,TC_C,0,5.779411764705882,2.3256783630960434,9.0,77.45098039215686,2
CO3041,2016,MT,KHKH,Hệ thống thông minh,3,Tự chọn chuyên ngành,TC_D,0,5.779411764705882,2.3256783630960434,9.0,77.45098039215686,2
CO3043,2020,MT,KHKH,Phát triển ứng dụng trên thiết bị di động,3,Tự chọn chuyên ngành,TC_C,0,5.764705882352941,2.311942608610692,9.0,77.45098039215686,2
CO3043,2020,MT,KHAI,Phát triển ứng dụng trên thiết bị di động,3,Tự chọn chuyên ngành,TC_C,0,5.764705882352941,2.311942608610692,9.0,77.45098039215686,2
CO3043,2020,MT,KHIP,Phát triển ứng dụng trên thiết bị di động,3,Tự chọn chuyên ngành,TC_C,0,5.764705882352941,2.311942608610692,9.0,77.45098039215686,2
CO3043,2016,MT,KHKH,Phát triển ứng dụng trên thiết bị di động,3,Tự chọn chuyên ngành,TC_D,0,5.764705882352941,2.311942608610692,9.0,77.45098039215686,2
CO3045,2020,MT,KHKH,Lập trình game,3,Tự chọn chuyên ngành,TC_C,0,5.833333333333333,2.2835326693842624,9.0,78.43137254901961,2
CO3045,2020,MT,KHAI,Lập trình game,3,Tự chọn chuyên ngành,TC_C,0,5.833333333333333,2.2835326693842624,9.0,78.43137254901961,2
CO3045,2020,MT,KHIP,Lập trình game,3,Tự chọn chuyên ngành,TC_C,0,5.833333333333333,2.2835326693842624,9.0,78.43137254901961,2
CO3045,2016,MT,KHKH,Lập trình game,3,Tự chọn chuyên ngành,TC_D,0,5.833333333333333,2.2835326693842624,9.0,78.43137254901961,2
CO3047,2020,MT,KHKH,Mạng máy tính nâng cao,3,Tự chọn chuyên ngành,TC_C,0,5.9068627450980395,2.3290358266812183,9.0,79.41176470588235,2
CO3047,2020,MT,KHAM,Mạng máy tính nâng cao,3,Tự chọn chuyên ngành,TC_C,0,5.9068627450980395,2.3290358266812183,9.0,79.41176470588235,2
CO3047,2016,MT,KHKH,Mạng máy tính nâng cao,3,Tự chọn chuyên ngành,TC_D,0,5.9068627450980395,2.3290358266812183,9.0,79.41176470588235,2
CO3049,2020,MT,KHKH,Lập trình web,3,Tự chọn chuyên ngành,TC_C,0,5.823529411764706,2.3065200941398576,9.0,78.43137254901961,2
CO3049,2020,MT,KHAM,Lập trình web,3,Tự chọn chuyên ngành,TC_C,0,5.823529411764706,2.3065200941398576,9.0,78.43137254901961,2
CO3049,2020,MT,KHAI,Lập trình web,3,Tự chọn chuyên ngành,TC_C,0,5.823529411764706,2.3065200941398576,9.0,78.43137254901961,2
CO3049,2020,MT,KHIP,Lập trình web,3,Tự chọn chuyên ngành,TC_C,0,5.823529411764706,2.3065200941398576,9.0,78.43137254901961,2
CO3049,2016,MT,KHKH,Lập trình web,3,Tự chọn chuyên ngành,TC_D,0,5.823529411764706,2.3065200941398576,9.0,78.43137254901961,2
CO3051,2020,MT,KHKH,Hệ thống thiết bị di động,3,Tự chọn chuyên ngành,TC_C,0,5.764705882352941,2.3076560933795114,9.0,78.43137254901961,2
CO3051,2020,MT,KHAM,Hệ thống thiết bị di động,3,Tự chọn chuyên ngành,TC_C,0,5.764705882352941,2.3076560933795114,9.0,78.43137254901961,2
CO3051,2020,MT,KHAI,Hệ thống thiết bị di động,3,Tự chọn chuyên ngành,TC_C,0,5.764705882352941,2.3076560933795114,9.0,78.43137254901961,2
CO3051,2020,MT,KHIP,Hệ thống thiết bị di động,3,Tự chọn chuyên ngành,TC_C,0,5.764705882352941,2.3076560933795114,9.0,78.43137254901961,2
CO3051,2016,MT,KHKH,Hệ thống thiết bị di động,3,Tự chọn chuyên ngành,TC_D,0,5.764705882352941,2.3076560933795114,9.0,78.43137254901961,2
CO3055,2016,MT,KHKH,Thực tập công nghệ phần mềm,2,Chuyên ngành,CN,6,0.0,0.0,,0.0,0
CO3057,2020,MT,KHKH,Xử lý ảnh số và thị giác máy tính,3,Tự chọn chuyên ngành,TC_C,0,5.769607843137255,2.3054730068435876,9.0,78.43137254901961,2
CO3057,2020,MT,KHIP,Xử lý ảnh số và thị giác máy tính,3,Tự chọn chuyên ngành,TC_C,0,5.769607843137255,2.3054730068435876,9.0,78.43137254901961,2
CO3057,2016,MT,KHKH,Xử lý ảnh số và thị giác máy tính,3,Tự chọn chuyên ngành,TC_D,0,5.769607843137255,2.3054730068435876,9.0,78.43137254901961,2
CO3059,2020,MT,KHKH,Đồ họa máy tính,3,Tự chọn chuyên ngành,TC_C,0,5.07563025210084,2.594517243445239,9.5,69.74789915966386,2
CO3059,2020,MT,KHIP,Đồ họa máy tính,3,Tự chọn chuyên ngành,TC_C,0,5.07563025210084,2.594517243445239,9.5,69.74789915966386,2
CO3059,2016,MT,KHKH,Đồ họa máy tính,3,Tự chọn chuyên ngành,TC_C,0,5.07563025210084,2.594517243445239,9.5,69.74789915966386,2
CO3061,2020,MT,KHKH,Nhập môn trí tuệ nhân tạo,3,Tự chọn chuyên ngành,TC_C,0,6.122596153846154,2.315275672567985,10.0,83.17307692307693,2
CO3061,2020,MT,KHAI,Nhập môn trí tuệ nhân tạo,3,Tự chọn chuyên ngành,TC_C,0,6.122596153846154,2.315275672567985,10.0,83.17307692307693,2
CO3061,2016,MT,KHKH,Nhập môn trí tuệ nhân tạo,3,Tự chọn chuyên ngành,TC_C,0,6.122596153846154,2.315275672567985,10.0,83.17307692307693,2
CO3065,2020,MT,KHPM,Công nghệ phần mềm nâng cao,3,Tự chọn chuyên ngành,TC_C,0,8.03125,1.8919928902546632,10.0,96.875,1
CO3065,2020,MT,KHKH,Công nghệ phần mềm nâng cao,3,Tự chọn chuyên ngành,TC_C,0,8.03125,1.8919928902546632,10.0,96.875,1
CO3065,2016,MT,KHKH,Công nghệ phần mềm nâng cao,3,Tự chọn chuyên ngành,TC_C,0,8.03125,1.8919928902546632,10.0,96.875,1
CO3067,2020,MT,KHKH,Tính toán song song,3,Tự chọn chuyên ngành,TC_C,0,5.764705882352941,2.3194249483128666,9.0,77.45098039215686,2
CO3067,2016,MT,KHKH,Tính toán song song,3,Tự chọn chuyên ngành,TC_C,0,5.764705882352941,2.3194249483128666,9.0,77.45098039215686,2
CO3069,2020,MT,KHKH,Mật mã và an ninh mạng,3,Tự chọn chuyên ngành,TC_C,0,6.348837209302325,2.303703413767634,9.5,82.17054263565892,2
CO3069,2020,MT,KHAM,Mật mã và an ninh mạng,3,Tự chọn chuyên ngành,TC_C,0,6.348837209302325,2.303703413767634,9.5,82.17054263565892,2
CO3069,2016,MT,KHKH,Mật mã và an ninh mạng,3,Tự chọn chuyên ngành,TC_C,0,6.348837209302325,2.303703413767634,9.5,82.17054263565892,2
CO3071,2020,MT,KHKH,Hệ phân bố,3,Tự chọn chuyên ngành,TC_C,0,5.78921568627451,2.3833542742494638,9.0,78.43137254901961,2
CO3071,2016,MT,KHKH,Hệ phân bố,3,Tự chọn chuyên ngành,TC_D,0,5.78921568627451,2.3833542742494638,9.0,78.43137254901961,2
CO3083,2020,MT,KHKH,Mật mã học và mã hóa thông tin,3,Tự chọn chuyên ngành,TC_C,0,5.838235294117647,2.3027768049455983,9.0,78.43137254901961,2
CO3083,2020,MT,KHAM,Mật mã học và mã hóa thông tin,3,Tự chọn chuyên ngành,TC_C,0,5.838235294117647,2.3027768049455983,9.0,78.43137254901961,2
CO3083,2016,MT,KHKH,Mật mã học và mã hóa thông tin,3,Tự chọn chuyên ngành,TC_D,0,5.838235294117647,2.3027768049455983,9.0,78.43137254901961,2
CO3085,2020,MT,KHKH,Xử lý ngôn ngữ tự nhiên,3,Tự chọn chuyên ngành,TC_C,0,5.852941176470588,2.346883582745633,9.0,78.43137254901961,2
CO3085,2020,MT,KHAI,Xử lý ngôn ngữ tự nhiên,3,Tự chọn chuyên ngành,TC_C,0,5.852941176470588,2.346883582745633,9.0,78.43137254901961,2
CO3085,2016,MT,KHKH,Xử lý ngôn ngữ tự nhiên,3,Tự chọn chuyên ngành,TC_D,0,5.852941176470588,2.346883582745633,9.0,78.43137254901961,2
CO3089,2020,MT,KHPM,Những chủ đề nâng cao trong khoa học máy tính,3,Tự chọn chuyên ngành,TC_C,0,5.465686274509804,2.727073472127952,10.0,69.6078431372549,2
CO3089,2020,MT,KHKH,Những chủ đề nâng cao trong khoa học máy tính,3,Tự chọn chuyên ngành,TC_C,0,5.465686274509804,2.727073472127952,10.0,69.6078431372549,2
CO3089,2020,MT,KHAM,Những chủ đề nâng cao trong khoa học máy tính,3,Tự chọn chuyên ngành,TC_C,0,5.465686274509804,2.727073472127952,10.0,69.6078431372549,2
CO3089,2020,MT,KHAI,Những chủ đề nâng cao trong khoa học máy tính,3,Tự chọn chuyên ngành,TC_C,0,5.465686274509804,2.727073472127952,10.0,69.6078431372549,2
CO3089,2020,MT,KHIP,Những chủ đề nâng cao trong khoa học máy tính,3,Tự chọn chuyên ngành,TC_C,0,5.465686274509804,2.727073472127952,10.0,69.6078431372549,2
CO3093,2020,MT,KHM,Mạng máy tính,3,Chuyên ngành,CN,5,4.877450980392157,2.7820466453992547,10.0,58.82352941176471,3
CO3101,2020,MT,KHM,Đồ án tổng hợp - hướng trí tuệ nhân tạo,1,Đồ án tổng hợp,TC_A,0,5.622549019607843,2.6396034379153384,10.0,69.6078431372549,2
CO3103,2020,MT,KHM,Đồ án tổng hợp - hướng công nghệ phần mềm,1,Đồ án tổng hợp,TC_A,0,5.480392156862745,2.634427031687234,9.5,71.56862745098039,2
CO3105,2020,MT,KHM,Đồ án tổng hợp - hướng hệ thống thông tin,1,Đồ án tổng hợp,TC_A,0,4.985294117647059,2.9730271621190627,10.0,63.725490196078425,3
CO3107,2020,MT,KHM,Thực tập đồ án môn học đa ngành - hướng trí tuệ nhân tạo,1,Đồ án đa ngành,TC_B,0,5.25,2.747411022532426,10.0,65.68627450980392,2
CO3109,2020,MT,KHM,Thực tập đồ án môn học đa ngành - hướng công nghệ phần mềm,1,Đồ án đa ngành,TC_B,0,4.931372549019608,3.15133102138885,10.0,53.92156862745098,3
CO3111,2020,MT,KHM,Thực tập đồ án môn học đa ngành - hướng hệ thống thông tin,1,Đồ án đa ngành,TC_B,0,5.078431372549019,2.880237457584934,10.0,60.78431372549019,2
CO3115,2020,MT,KHDL,Phân tích và thiết kế hệ thống,3,Tự chọn chuyên ngành,TC_C,0,5.044117647058823,3.0605303859703588,10.0,59.80392156862745,3
CO3115,2020,MT,KHPM,Phân tích và thiết kế hệ thống,3,Tự chọn chuyên ngành,TC_C,0,5.044117647058823,3.0605303859703588,10.0,59.80392156862745,3
CO3115,2020,MT,KHKH,Phân tích và thiết kế hệ thống,3,Tự chọn chuyên ngành,TC_C,0,5.044117647058823,3.0605303859703588,10.0,59.80392156862745,3
CO3117,2020,MT,KHKH,Học máy,3,Tự chọn chuyên ngành,TC_C,0,5.083333333333333,2.7450074693160054,10.0,64.70588235294117,2
CO3117,2020,MT,KHAI,Học máy,3,Tự chọn chuyên ngành,TC_C,0,5.083333333333333,2.7450074693160054,10.0,64.70588235294117,2
CO3117,2020,MT,KHIP,Học máy,3,Tự chọn chuyên ngành,TC_C,0,5.083333333333333,2.7450074693160054,10.0,64.70588235294117,2
CO3313,2016,MT,KHKH,Thực tập tốt nghiệp (Khoa học Máy tính),2,Thực tập tốt nghiệp,TT,6,0.0,0.0,,0.0,0
CO3335,2020,MT,KHM,Thực tập ngoài trường,2,Tốt nghiệp,TT,6,4.877450980392157,2.866187548282513,10.0,56.86274509803921,3
CO4025,2020,MT,KHKH,Mạng xã hội và thông tin,3,Tự chọn chuyên ngành,TC_C,0,5.926470588235294,2.314822084157787,9.0,80.3921568627451,2
CO4025,2020,MT,KHAI,Mạng xã hội và thông tin,3,Tự chọn chuyên ngành,TC_C,0,5.926470588235294,2.314822084157787,9.0,80.3921568627451,2
CO4025,2016,MT,KHKH,Mạng xã hội và thông tin,3,Tự chọn chuyên ngành,TC_D,0,5.926470588235294,2.314822084157787,9.0,80.3921568627451,2
CO4027,2016,MT,KHKH,Học máy,3,Tự chọn chuyên ngành,TC_D,0,5.803921568627451,2.294156225252941,9.0,78.43137254901961,2
CO4029,2020,MT,KHM,Đồ án chuyên ngành,2,Tốt nghiệp,DA_TN,7,5.078431372549019,2.9882153835377996,10.0,57.84313725490197,2
CO4031,2020,MT,KHDL,Kho dữ liệu và hệ hỗ trợ quyết định,3,Tự chọn chuyên ngành,TC_C,0,5.240196078431373,3.0104853003047207,9.5,61.76470588235294,3
CO4031,2020,MT,KHKH,Kho dữ liệu và hệ hỗ trợ quyết định,3,Tự chọn chuyên ngành,TC_C,0,5.240196078431373,3.0104853003047207,9.5,61.76470588235294,3
CO4033,2020,MT,KHDL,Phân tích dữ liệu lớn và trí tuệ kinh doanh,3,Tự chọn chuyên ngành,TC_C,0,4.833333333333333,2.8304683632069643,9.5,55.88235294117647,3
CO4033,2020,MT,KHKH,Phân tích dữ liệu lớn và trí tuệ kinh doanh,3,Tự chọn chuyên ngành,TC_C,0,4.833333333333333,2.8304683632069643,9.5,55.88235294117647,3
CO4035,2020,MT,KHDL,Hệ hoạch định tài nguyên tổ chức,3,Tự chọn chuyên ngành,TC_C,0,5.161764705882353,2.93676066297771,10.0,57.84313725490197,2
CO4035,2020,MT,KHKH,Hệ hoạch định tài nguyên tổ chức,3,Tự chọn chuyên ngành,TC_C,0,5.161764705882353,2.93676066297771,10.0,57.84313725490197,2
CO4037,2020,MT,KHDL,Hệ thống thông tin quản lý,3,Tự chọn chuyên ngành,TC_C,0,5.2745098039215685,2.892998933051239,9.5,61.76470588235294,2
CO4037,2020,MT,KHKH,Hệ thống thông tin quản lý,3,Tự chọn chuyên ngành,TC_C,0,5.2745098039215685,2.892998933051239,9.5,61.76470588235294,2
CO4039,2020,MT,KHDL,Bảo mật sinh trắc,3,Tự chọn chuyên ngành,TC_C,0,4.995098039215686,2.8808819280495435,10.0,62.745098039215684,3
CO4039,2020,MT,KHKH,Bảo mật sinh trắc,3,Tự chọn chuyên ngành,TC_C,0,4.995098039215686,2.8808819280495435,10.0,62.745098039215684,3
CO4311,2016,MT,KHKH,Đề cương luận văn tốt nghiệp (Khoa học Máy tính),0,Chuyên ngành,CN,7,0.0,0.0,,0.0,0
CO4313,2016,MT,KHKH,Luận văn tốt nghiệp (Khoa học Máy tính),9,Luận văn tốt nghiệp,DA_TN,8,0.0,0.0,,0.0,0
CO4337,2020,MT,KHM,Đồ án tốt nghiệp (Khoa học Máy tính),4,Tốt nghiệp,DA_TN,8,5.382352941176471,2.677534397249942,10.0,63.725490196078425,2
IM1013,2020,ALL,ALL,Kinh tế học đại cương,3,Quản lý,TC_D,0,5.40625,2.3604178826312006,8.0,84.375,2
IM1013,2016,MT,KHKH,Kinh tế học đại cương,3,Quản lý,TC_B,0,5.40625,2.3604178826312006,8.0,84.375,2
IM1023,2020,ALL,ALL,Quản lý sản xuất cho kỹ sư,3,Quản lý,TC_D,0,5.4754901960784315,2.92003784983301,10.0,65.68627450980392,2
IM1025,2020,ALL,ALL,Quản lý dự án cho kỹ sư,3,Quản lý,TC_D,0,5.4754901960784315,2.769509956814207,9.5,66.66666666666666,2
IM1027,2020,ALL,ALL,Kinh tế kỹ thuật,3,Quản lý,TC_D,0,5.387254901960785,2.8010843575205,10.0,64.70588235294117,2
IM2003,2016,MT,KHKH,Kinh tế kỹ thuật,3,Quản lý,TC_B,0,5.85,3.5827518908111835,9.0,70.0,3
IM2011,2016,MT,KHKH,Quản lý dự án cho kỹ sư,3,Quản lý,TC_B,0,6.0875,1.5524072772408595,8.5,93.75,1
IM3001,2020,ALL,ALL,Quản trị kinh doanh cho kỹ sư,3,Quản lý,TC_D,0,7.139455782312925,1.8752007316525632,9.5,95.23809523809523,1
IM3001,2016,MT,KHKH,Quản trị kinh doanh cho kỹ sư,3,Quản lý,TC_B,0,7.139455782312925,1.8752007316525632,9.5,95.23809523809523,1
IM3003,2016,MT,KHKH,Quản lý sản xuất cho kỹ sư,3,Quản lý,TC_B,0,6.201298701298701,1.604393105990836,8.5,96.1038961038961,1
LA1003,2020,ALL,ALL,Anh văn 1,2,Ngoại ngữ,NN,1,5.62719298245614,2.5972803494607644,9.5,83.33333333333334,2
LA1003,2016,ALL,ALL,Anh văn 1,2,Ngoại ngữ,NN,1,5.62719298245614,2.5972803494607644,9.5,83.33333333333334,2
LA1005,2020,ALL,ALL,Anh văn 2,2,Ngoại ngữ,NN,2,5.6265822784810124,2.5179041355433514,9.0,83.12236286919831,2
LA1005,2016,ALL,ALL,Anh văn 2,2,Ngoại ngữ,NN,2,5.6265822784810124,2.5179041355433514,9.0,83.12236286919831,2
LA1007,2020,ALL,ALL,Anh văn 3,2,Ngoại ngữ,NN,3,5.213725490196079,3.460748383394348,9.5,69.01960784313725,3
LA1007,2016,ALL,ALL,Anh văn 3,2,Ngoại ngữ,NN,3,5.213725490196079,3.460748383394348,9.5,69.01960784313725,3
LA1009,2020,ALL,ALL,Anh văn 4,2,Ngoại ngữ,NN,4,5.815533980582524,2.802301479965764,9.5,80.58252427184466,2
LA1009,2016,ALL,ALL,Anh văn 4,2,Ngoại ngữ,NN,4,5.815533980582524,2.802301479965764,9.5,80.58252427184466,2
MI1003,2020,ALL,ALL,Giáo dục quốc phòng,0,Chứng chỉ,CC,1,0.0,0.0,,0.0,0
MI1003,2016,ALL,ALL,Giáo dục quốc phòng,0,Chứng chỉ,CC,1,0.0,0.0,,0.0,0
MT1003,2020,MT,KHM,Giải tích 1,4,Toán và KH Tự nhiên,DC,1,5.67825311942959,2.1674024479847827,10.0,85.02673796791443,2
MT1003,2016,MT,KHKH,Giải tích 1,4,Toán & KH Tự nhiên,DC,1,5.67825311942959,2.1674024479847827,10.0,85.02673796791443,2
MT1005,2020,MT,KHM,Giải tích 2,4,Toán và KH Tự nhiên,DC,2,4.873824451410658,2.570082941058981,10.0,69.43573667711598,3
MT1005,2016,MT,KHKH,Giải tích 2,4,Toán & KH Tự nhiên,DC,2,4.873824451410658,2.570082941058981,10.0,69.43573667711598,3
MT1007,2020,MT,KHM,Đại số tuyến tính,3,Toán và KH Tự nhiên,DC,2,6.249603803486529,2.518325659737725,10.0,86.05388272583201,2
MT1007,2016,MT,KHKH,Đại số tuyến tính,3,Toán & KH Tự nhiên,DC,2,6.249603803486529,2.518325659737725,10.0,86.05388272583201,2
MT1009,2016,MT,KHKH,Phương pháp tính,3,Toán & KH Tự nhiên,DC,3,6.5064,2.3402396874832703,10.0,88.0,2
MT2001,2016,MT,KHKH,Xác suất và thống kê,3,Toán & KH Tự nhiên,DC,4,5.380059970014993,2.5110580656390264,10.0,79.91004497751123,2
MT2013,2020,MT,KHM,Xác suất và thống kê,4,Toán và KH Tự nhiên,DC,4,5.009803921568627,2.972631257797703,10.0,58.82352941176471,2
PE1003,2020,ALL,ALL,Giáo dục thể chất 1,0,Chứng chỉ,CC,1,5.858789625360231,1.7736899452995483,10.0,92.0749279538905,2
PE1003,2016,ALL,ALL,Giáo dục thể chất 1,0,Chứng chỉ,CC,1,5.858789625360231,1.7736899452995483,10.0,92.0749279538905,2
PE1005,2020,ALL,ALL,Giáo dục thể chất 2,0,Chứng chỉ,CC,2,5.775956284153006,1.759576817128963,10.0,91.66666666666666,2
PE1005,2016,ALL,ALL,Giáo dục thể chất 2,0,Chứng chỉ,CC,2,5.775956284153006,1.759576817128963,10.0,91.66666666666666,2
PE1007,2020,ALL,ALL,Giáo dục thể chất 3,0,Chứng chỉ,CC,3,5.6050955414012735,1.7761775051869793,10.0,92.19745222929936,2
PE1007,2016,ALL,ALL,Giáo dục thể chất 3,0,Chứng chỉ,CC,4,5.6050955414012735,1.7761775051869793,10.0,92.19745222929936,2
PH1003,2020,MT,KHM,Vật lý 1,4,Toán và KH Tự nhiên,DC,1,6.0245098039215685,1.593718398606222,9.5,92.15686274509804,1
PH1003,2016,MT,KHKH,Vật lý 1,4,Toán & KH Tự nhiên,DC,1,6.0245098039215685,1.593718398606222,9.5,92.15686274509804,1
PH1005,2016,MT,KHKH,Vật lý 2,4,Tự chọn nhóm A,TC_A,0,6.664583333333334,1.907297225664771,9.5,92.5,1
PH1007,2020,MT,KHM,Thí nghiệm vật lý,1,Toán và KH Tự nhiên,DC,2,6.8894899536321486,2.231164203347278,10.0,90.88098918083463,2
PH1007,2016,MT,KHKH,Thí nghiệm vật lý,1,Toán & KH Tự nhiên,DC,2,6.8894899536321486,2.231164203347278,10.0,90.88098918083463,2
SP1003,2016,MT,KHKH,Những nguyên lý cơ bản của chủ nghĩa Mác-Lênin,5,"Chính trị,Kinh tế,Văn hóa,Xã hội",CT,6,6.514344262295082,1.9549449752625752,9.5,92.21311475409836,1
SP1005,2016,MT,KHKH,Tư tưởng Hồ Chí Minh,2,"Chính trị,Kinh tế,Văn hóa,Xã hội",CT,7,5.6953125,2.0560545010423588,8.5,87.5,2
SP1007,2020,MT,KHM,Pháp luật Việt Nam đại cương,2,"Chính trị,Kinh tế,Văn hóa,Xã hội",CT,8,6.428125,1.523244298142586,9.5,96.25,1
SP1007,2016,MT,KHKH,Pháp luật Việt Nam đại cương,2,"Chính trị,Kinh tế,Văn hóa,Xã hội",CT,5,6.428125,1.523244298142586,9.5,96.25,1
SP1009,2016,MT,KHKH,Đường lối cách mạng của Đảng Cộng sản Việt Nam,3,"Chính trị,Kinh tế,Văn hóa,Xã hội",CT,8,5.656716417910448,2.1745932312487857,8.5,80.59701492537313,2
SP1031,2020,MT,KHM,Triết học Mác - Lênin,3,"Chính trị,Kinh tế,Văn hóa,Xã hội",CT,3,5.235294117647059,2.7338236038187866,9.5,63.725490196078425,2
SP1033,2020,MT,KHM,Kinh tế chính trị Mác - Lênin,2,"Chính trị,Kinh tế,Văn hóa,Xã hội",CT,4,5.166666666666667,2.947001608728469,10.0,60.78431372549019,2
SP1035,2020,MT,KHM,Chủ nghĩa xã hội khoa học,2,"Chính trị,Kinh tế,Văn hóa,Xã hội",CT,5,5.088235294117647,3.000339720621322,10.0,59.80392156862745,3
SP1037,2020,MT,KHM,Tư tưởng Hồ Chí Minh,2,"Chính trị,Kinh tế,Văn hóa,Xã hội",CT,7,5.4068627450980395,2.848249759737698,10.0,62.745098039215684,2
SP1039,2020,MT,KHM,Lịch sử Đảng Cộng sản Việt Nam,2,"Chính trị,Kinh tế,Văn hóa,Xã hội",CT,6,5.063725490196078,2.908396489772337,10.0,58.82352941176471,2
